"Area","Kind","Name","File","Line"
"API","interface","AccessTokenPayload","apps\api\src\modules\auth\interfaces\jwt-payload.interface.ts","1"
"API","enum","ActiveTaskStatus","apps\api\src\modules\development\dto\development.dto.ts","21"
"WEB","interface","ActivityListQuery","apps\web\src\features\activity\activity-types.ts","118"
"WEB","interface","ActivityListResponse","apps\web\src\features\activity\activity-types.ts","113"
"WEB","interface","ActivityPagination","apps\web\src\features\activity\activity-types.ts","104"
"API","class","ActivityQueryDto","apps\api\src\modules\activity\dto\activity-query.dto.ts","10"
"API","interface","ActivityWriteInput","apps\api\src\modules\activity\interfaces\activity-writer.interface.ts","3"
"API","class","AddWorkspaceMemberDto","apps\api\src\modules\workspace\dto\add-workspace-member.dto.ts","5"
"API","interface","AddWorkspaceMemberInput","apps\api\src\modules\workspace\service\workspace-members.service.ts","27"
"API","class","AnalyticsAggregateQueryDto","apps\api\src\modules\analytics-engine\dto\analytics-engine.dto.ts","51"
"WEB","interface","AnalyticsAggregateResponse","apps\web\src\features\analytics-engine\analytics-engine-types.ts","116"
"API","class","AnalyticsBreakdownItemDto","apps\api\src\modules\analytics-overview\dto\analytics-overview-response.dto.ts","114"
"WEB","interface","AnalyticsEngineStatus","apps\web\src\features\analytics-engine\analytics-engine-types.ts","66"
"API","class","AnalyticsMetricDto","apps\api\src\modules\analytics-overview\dto\analytics-overview-response.dto.ts","59"
"API","class","AnalyticsMetricsDto","apps\api\src\modules\analytics-overview\dto\analytics-overview-response.dto.ts","73"
"API","class","AnalyticsOverviewQueryDto","apps\api\src\modules\analytics-overview\dto\analytics-overview-query.dto.ts","13"
"WEB","interface","AnalyticsOverviewResponse","apps\web\src\features\analytics-overview\analytics-overview.types.ts","31"
"API","class","AnalyticsOverviewResponseDto","apps\api\src\modules\analytics-overview\dto\analytics-overview-response.dto.ts","128"
"API","class","AnalyticsPaginationDto","apps\api\src\modules\analytics-reports\dto\analytics-report-response.dto.ts","3"
"WEB","interface","AnalyticsProcessingStatus","apps\web\src\features\analytics-processing\analytics-processing.types.ts","31"
"WEB","type","AnalyticsProcessingStatus","apps\web\src\features\analytics-engine\analytics-engine-types.ts","9"
"API","class","AnalyticsProcessingStatusDto","apps\api\src\modules\analytics-processing\dto\analytics-processing-response.dto.ts","50"
"API","class","AnalyticsRangeDto","apps\api\src\modules\analytics-overview\dto\analytics-overview-response.dto.ts","24"
"API","class","AnalyticsReportQueryDto","apps\api\src\modules\analytics-reports\dto\analytics-report-query.dto.ts","45"
"API","class","AnalyticsReportRangeDto","apps\api\src\modules\analytics-reports\dto\analytics-report-response.dto.ts","23"
"WEB","interface","AnalyticsReportRequest","apps\web\src\features\analytics-reports\analytics-reports.types.ts","111"
"WEB","type","AnalyticsReportResponse","apps\web\src\features\analytics-reports\analytics-reports.types.ts","135"
"WEB","interface","AnalyticsRetentionResult","apps\web\src\features\analytics-engine\analytics-engine-types.ts","130"
"WEB","type","AnalyticsRouteParams","apps\web\src\app\(dashboard)\workspaces\[workspaceId]\websites\[websiteId]\analytics\page.tsx","7"
"API","class","AnalyticsTrendPointDto","apps\api\src\modules\analytics-overview\dto\analytics-overview-response.dto.ts","100"
"API","class","AnalyticsWebsiteDto","apps\api\src\modules\analytics-overview\dto\analytics-overview-response.dto.ts","3"
"WEB","interface","ApplicationListQuery","apps\web\src\features\applications\application-types.ts","98"
"API","class","ApplicationListQueryDto","apps\api\src\modules\applications\dto\application.dto.ts","103"
"WEB","interface","ApplicationListResponse","apps\web\src\features\applications\application-types.ts","78"
"WEB","interface","ApplicationPagination","apps\web\src\features\applications\application-types.ts","69"
"WEB","type","ApplicationStatus","apps\web\src\features\applications\application-types.ts","3"
"WEB","type","ApplicationStatus","apps\web\src\features\applications\components\application-form.tsx","18"
"WEB","type","ApplicationStatus","apps\web\src\features\applications\components\application-filters.tsx","14"
"WEB","type","ApplicationTaskStatus","apps\web\src\features\development\development-types.ts","7"
"API","class","ApplyDevelopmentTemplateDto","apps\api\src\modules\development\dto\development.dto.ts","255"
"API","interface","AuthenticatedRequest","apps\api\src\modules\development\controllers\development.controller.ts","26"
"API","interface","AuthenticatedRequest","apps\api\src\modules\team-operations\controllers\workspace-invitations.controller.ts","14"
"API","interface","AuthenticatedRequest","apps\api\src\modules\applications\controllers\applications.controller.ts","14"
"API","interface","AuthenticatedRequest","apps\api\src\modules\team-operations\controllers\invitation-response.controller.ts","8"
"API","interface","AuthenticatedRequest","apps\api\src\modules\analytics-engine\controllers\analytics-engine.controller.ts","13"
"API","interface","AuthenticatedRequest","apps\api\src\modules\team-operations\controllers\notifications.controller.ts","8"
"API","interface","AuthenticatedRequest","apps\api\src\modules\websites\controllers\websites.controller.ts","12"
"API","interface","AuthenticatedRequest","apps\api\src\modules\repositories\controllers\github-connect.controller.ts","12"
"API","interface","AuthenticatedRequest","apps\api\src\modules\workspace\controllers\workspace-creation.controller.ts","8"
"WEB","interface","AuthMeResponse","apps\web\src\app\(dashboard)\workspaces\[workspaceId]\applications\[applicationId]\settings\page.tsx","17"
"WEB","interface","AuthResponse","apps\web\src\features\auth\auth.types.ts","57"
"API","interface","AuthResult","apps\api\src\modules\auth\services\auth.service.ts","18"
"API","type","AuthSessionResult","apps\api\src\modules\auth\controllers\auth.controller.ts","12"
"WEB","type","AuthStatus","apps\web\src\features\auth\auth-provider.tsx","8"
"API","interface","BatchResult","apps\api\src\modules\analytics-engine\services\analytics-processing.service.ts","37"
"API","class","BlockerQueryDto","apps\api\src\modules\development\dto\development.dto.ts","215"
"WEB","type","BlockerStatus","apps\web\src\features\development\development-types.ts","13"
"API","class","ChangeTaskStatusDto","apps\api\src\modules\development\dto\development.dto.ts","109"
"API","class","CollectEventsDto","apps\api\src\modules\analytics-ingestion\dto\collect-events.dto.ts","104"
"API","interface","CollectEventsResult","apps\api\src\modules\analytics-ingestion\services\analytics-ingestion.service.ts","36"
"API","class","CompleteGithubCallbackDto","apps\api\src\modules\repositories\dto\repository.dto.ts","13"
"API","class","CompleteGithubSetupDto","apps\api\src\modules\repositories\dto\repository.dto.ts","3"
"API","class","ConnectWebsiteDto","apps\api\src\modules\websites\dto\website.dto.ts","75"
"API","class","CreateApplicationDto","apps\api\src\modules\applications\dto\application.dto.ts","20"
"API","class","CreateApplicationLinkDto","apps\api\src\modules\applications\dto\application-link.dto.ts","5"
"WEB","interface","CreateApplicationLinkPayload","apps\web\src\features\applications\application-types.ts","118"
"WEB","interface","CreateApplicationPayload","apps\web\src\features\applications\application-types.ts","83"
"WEB","type","CreateApplicationPayload","apps\web\src\features\applications\components\application-form.tsx","19"
"API","class","CreateApplicationTechnologyDto","apps\api\src\modules\applications\dto\application-technology.dto.ts","5"
"API","class","CreateBlockerDto","apps\api\src\modules\development\dto\development.dto.ts","152"
"WEB","interface","CreateBlockerPayload","apps\web\src\features\development\development-types.ts","165"
"API","class","CreateDeploymentDto","apps\api\src\modules\releases\dto\release-deployment.dto.ts","62"
"API","class","CreateHealthCheckDto","apps\api\src\modules\monitoring\dto\health-check.dto.ts","6"
"API","class","CreateMilestoneDto","apps\api\src\modules\development\dto\development.dto.ts","27"
"WEB","interface","CreateMilestonePayload","apps\web\src\features\development\development-types.ts","148"
"API","interface","CreateNotificationInput","apps\api\src\modules\team-operations\services\notification.service.ts","5"
"API","class","CreateReleaseDto","apps\api\src\modules\releases\dto\release-deployment.dto.ts","16"
"API","class","CreateTaskDto","apps\api\src\modules\development\dto\development.dto.ts","64"
"WEB","interface","CreateTaskPayload","apps\web\src\features\development\development-types.ts","156"
"WEB","interface","CreateTechnologyPayload","apps\web\src\features\applications\application-types.ts","110"
"API","interface","CreateUserInput","apps\api\src\modules\users\users.service.ts","21"
"API","class","CreateWebhookEndpointDto","apps\api\src\modules\webhooks\dto\webhook.dto.ts","6"
"API","class","CreateWebsiteDto","apps\api\src\modules\websites\dto\website.dto.ts","19"
"WEB","interface","CreateWebsitePayload","apps\web\src\features\websites\website-types.ts","45"
"API","class","CreateWorkspaceDto","apps\api\src\modules\workspace\dto\create-workspace.dto.ts","4"
"API","interface","CreateWorkspaceInput","apps\api\src\modules\workspace\service\workspaces.service.ts","24"
"API","class","CreateWorkspaceInvitationDto","apps\api\src\modules\team-operations\dto\workspace-invitation.dto.ts","5"
"WEB","interface","CreateWorkspacePayload","apps\web\src\features\workspaces\workspace-types.ts","3"
"API","interface","CsvExportResult","apps\api\src\modules\analytics-reports\services\analytics-reports.service.ts","94"
"WEB","interface","CurrentUserResponse","apps\web\src\features\auth\auth.types.ts","69"
"API","interface","DatabaseHealthResult","apps\api\src\database\database-health.service.ts","4"
"API","class","DatabaseReadinessDto","apps\api\src\modules\health\dto\health-response.dto.ts","15"
"API","class","DeploymentListQueryDto","apps\api\src\modules\releases\dto\release-deployment.dto.ts","147"
"WEB","type","DeploymentStatus","apps\web\src\features\releases\release-management.types.ts","3"
"API","class","DimensionReportItemDto","apps\api\src\modules\analytics-reports\dto\analytics-report-response.dto.ts","130"
"API","class","DimensionReportQueryDto","apps\api\src\modules\analytics-reports\dto\analytics-report-query.dto.ts","110"
"WEB","interface","DimensionReportResponse","apps\web\src\features\analytics-reports\analytics-reports.types.ts","103"
"API","class","DimensionReportResponseDto","apps\api\src\modules\analytics-reports\dto\analytics-report-response.dto.ts","150"
"API","interface","DistributedLockResult","apps\api\src\infrastructure\database\postgres-advisory-lock.service.ts","6"
"API","interface","ErrorResponse","apps\api\src\common\filters\all-exceptions.filter.ts","8"
"API","class","EventReportItemDto","apps\api\src\modules\analytics-reports\dto\analytics-report-response.dto.ts","83"
"API","class","EventReportQueryDto","apps\api\src\modules\analytics-reports\dto\analytics-report-query.dto.ts","99"
"WEB","interface","EventReportResponse","apps\web\src\features\analytics-reports\analytics-reports.types.ts","73"
"API","class","EventReportResponseDto","apps\api\src\modules\analytics-reports\dto\analytics-report-response.dto.ts","108"
"API","class","EventReportSummaryDto","apps\api\src\modules\analytics-reports\dto\analytics-report-response.dto.ts","97"
"WEB","interface","GetAnalyticsOverviewInput","apps\web\src\features\analytics-overview\analytics-overview.types.ts","89"
"API","interface","GithubBranchResponse","apps\api\src\modules\repositories\services\github-code.service.ts","4"
"WEB","interface","GithubCallbackResult","apps\web\src\features\repositories\repository.types.ts","56"
"API","interface","GithubContentResponse","apps\api\src\modules\repositories\services\github-code.service.ts","28"
"API","interface","GithubInstallationResponse","apps\api\src\modules\repositories\services\github-app.service.ts","4"
"API","interface","GithubInstallationTokenResponse","apps\api\src\modules\repositories\services\github-app.service.ts","13"
"API","interface","GithubOauthResponse","apps\api\src\modules\repositories\services\github-app.service.ts","37"
"API","interface","GithubRepositoriesResponse","apps\api\src\modules\repositories\services\github-app.service.ts","32"
"API","interface","GithubRepositoryResponse","apps\api\src\modules\repositories\services\github-app.service.ts","18"
"WEB","interface","GithubSetupResult","apps\web\src\features\repositories\repository.types.ts","52"
"API","interface","GithubTreeEntryResponse","apps\api\src\modules\repositories\services\github-code.service.ts","14"
"API","interface","GithubTreeResponse","apps\api\src\modules\repositories\services\github-code.service.ts","22"
"API","interface","GithubWebhookPayload","apps\api\src\modules\repositories\services\github-webhook.service.ts","7"
"API","type","GithubWebhookRequest","apps\api\src\modules\repositories\controllers\github-webhook.controller.ts","7"
"API","interface","HealthCheckDto","apps\api\src\modules\monitoring\dto\monitoring-response.dto.ts","21"
"API","interface","HealthCheckHistoryDto","apps\api\src\modules\monitoring\dto\monitoring-response.dto.ts","73"
"API","class","HealthCheckListQueryDto","apps\api\src\modules\monitoring\dto\health-check.dto.ts","104"
"WEB","type","HealthCheckStatus","apps\web\src\features\monitoring\monitoring.types.ts","3"
"API","interface","HealthIncidentDto","apps\api\src\modules\monitoring\dto\monitoring-response.dto.ts","87"
"WEB","type","HealthIncidentStatus","apps\web\src\features\monitoring\monitoring.types.ts","5"
"API","class","IncidentListQueryDto","apps\api\src\modules\monitoring\dto\health-check.dto.ts","136"
"WEB","type","InvitationDeliveryStatus","apps\web\src\features\team-operations\team-operations.types.ts","5"
"API","class","InvitationListQueryDto","apps\api\src\modules\team-operations\dto\workspace-invitation.dto.ts","19"
"API","interface","InvitationMailResult","apps\api\src\modules\team-operations\services\invitation-mailer.service.ts","12"
"WEB","interface","InvitationMutationResponse","apps\web\src\features\team-operations\team-operations.types.ts","44"
"WEB","type","InvitationStatus","apps\web\src\features\team-operations\team-operations.types.ts","3"
"API","class","LinkRepositoryApplicationDto","apps\api\src\modules\repositories\dto\repository.dto.ts","23"
"API","interface","ListNotificationsInput","apps\api\src\modules\team-operations\services\notification.service.ts","30"
"API","class","LoginDto","apps\api\src\modules\auth\dto\login.dto.ts","4"
"WEB","interface","LoginInput","apps\web\src\features\auth\auth.types.ts","85"
"WEB","type","MilestoneStatus","apps\web\src\features\development\development-types.ts","3"
"API","interface","MonitoringSummaryDto","apps\api\src\modules\monitoring\dto\monitoring-response.dto.ts","3"
"API","interface","MonitoringTargetDto","apps\api\src\modules\monitoring\dto\monitoring-response.dto.ts","111"
"API","class","MoveTaskDto","apps\api\src\modules\development\dto\development.dto.ts","137"
"API","class","NotificationListQueryDto","apps\api\src\modules\team-operations\dto\notification.dto.ts","18"
"API","class","PageReportItemDto","apps\api\src\modules\analytics-reports\dto\analytics-report-response.dto.ts","37"
"API","class","PageReportQueryDto","apps\api\src\modules\analytics-reports\dto\analytics-report-query.dto.ts","88"
"WEB","interface","PageReportResponse","apps\web\src\features\analytics-reports\analytics-reports.types.ts","55"
"API","class","PageReportResponseDto","apps\api\src\modules\analytics-reports\dto\analytics-report-response.dto.ts","66"
"WEB","interface","PaginatedResponse","apps\web\src\features\releases\release-management.types.ts","139"
"WEB","interface","Pagination","apps\web\src\features\analytics-reports\analytics-reports.types.ts","11"
"API","class","ProcessAnalyticsDto","apps\api\src\modules\analytics-engine\dto\analytics-engine.dto.ts","11"
"API","interface","ProcessAnalyticsRangeInput","apps\api\src\modules\analytics-processing\services\analytics-range-processor.service.ts","12"
"API","interface","ProcessAnalyticsRangeResult","apps\api\src\modules\analytics-processing\services\analytics-range-processor.service.ts","22"
"API","class","ProcessingRunDto","apps\api\src\modules\analytics-processing\dto\analytics-processing-response.dto.ts","3"
"WEB","type","ProcessingRunStatus","apps\web\src\features\analytics-processing\analytics-processing.types.ts","1"
"API","class","PublicHealthResponseDto","apps\api\src\modules\health\dto\health-response.dto.ts","3"
"API","interface","PublishWebhookEventInput","apps\api\src\modules\webhooks\services\webhook-event-publisher.service.ts","6"
"API","interface","QueueProcessingInput","apps\api\src\modules\analytics-processing\services\analytics-processing-queue.service.ts","11"
"API","interface","RateLimitResult","apps\api\src\common\rate-limit\shared-rate-limit.service.ts","4"
"API","interface","RawEventProcessingResult","apps\api\src\modules\analytics-engine\services\raw-event-processing.service.ts","16"
"WEB","interface","RawEventQuery","apps\web\src\features\tracking\tracking-types.ts","66"
"API","class","RawEventQueryDto","apps\api\src\modules\analytics-ingestion\dto\raw-event-query.dto.ts","6"
"WEB","interface","RawEventsResponse","apps\web\src\features\tracking\tracking-types.ts","53"
"API","class","ReadinessResponseDto","apps\api\src\modules\health\dto\health-response.dto.ts","27"
"API","interface","RebuiltSessionResult","apps\api\src\modules\analytics-engine\services\analytics-processing.service.ts","45"
"API","interface","RebuiltSessionResult","apps\api\src\modules\analytics-engine\services\session-rebuilder.service.ts","11"
"WEB","interface","RefreshResponse","apps\web\src\features\lib\api\api-client.ts","16"
"API","class","RefreshTokenDto","apps\api\src\modules\auth\dto\refresh-token.dto.ts","4"
"API","interface","RefreshTokenPayload","apps\api\src\modules\auth\interfaces\jwt-payload.interface.ts","6"
"API","class","RegisterDto","apps\api\src\modules\auth\dto\register.dto.ts","4"
"WEB","interface","RegisterInput","apps\web\src\features\auth\auth.types.ts","91"
"API","class","ReleaseListQueryDto","apps\api\src\modules\releases\dto\release-deployment.dto.ts","185"
"WEB","type","ReleaseStatus","apps\web\src\features\releases\release-management.types.ts","1"
"API","class","ReorderItemsDto","apps\api\src\modules\development\dto\development.dto.ts","124"
"WEB","interface","RepositoryBranchesResponse","apps\web\src\features\repositories\code-explorer.types.ts","9"
"API","class","RepositoryBranchQueryDto","apps\api\src\modules\repositories\dto\code-explorer.dto.ts","3"
"API","class","RepositoryDiffQueryDto","apps\api\src\modules\repositories\dto\code-explorer.dto.ts","34"
"WEB","interface","RepositoryDiffResponse","apps\web\src\features\repositories\code-explorer.types.ts","83"
"API","class","RepositoryFileQueryDto","apps\api\src\modules\repositories\dto\code-explorer.dto.ts","10"
"WEB","interface","RepositoryListResponse","apps\web\src\features\repositories\repository.types.ts","43"
"API","class","RepositorySearchQueryDto","apps\api\src\modules\repositories\dto\code-explorer.dto.ts","22"
"WEB","interface","RepositorySearchResponse","apps\web\src\features\repositories\code-explorer.types.ts","73"
"WEB","interface","RepositoryTreeResponse","apps\web\src\features\repositories\code-explorer.types.ts","29"
"API","class","ReprocessAnalyticsDto","apps\api\src\modules\analytics-processing\dto\reprocess-analytics.dto.ts","4"
"API","class","ReprocessAnalyticsDto","apps\api\src\modules\analytics-engine\dto\analytics-engine.dto.ts","25"
"WEB","interface","ReprocessAnalyticsInput","apps\web\src\features\analytics-processing\analytics-processing.types.ts","47"
"WEB","interface","ReprocessAnalyticsPayload","apps\web\src\features\analytics-engine\analytics-engine-types.ts","124"
"API","class","ResolveBlockerDto","apps\api\src\modules\development\dto\development.dto.ts","206"
"API","interface","RetentionResult","apps\api\src\modules\analytics-engine\services\analytics-processing.service.ts","50"
"API","interface","RotateSessionInput","apps\api\src\modules\auth\services\auth-sessions.service.ts","24"
"API","interface","SafeHealthRequestInput","apps\api\src\modules\monitoring\services\safe-http-client.service.ts","15"
"API","interface","SafeHealthRequestResult","apps\api\src\modules\monitoring\services\safe-http-client.service.ts","27"
"WEB","interface","SaveHealthCheckInput","apps\web\src\features\monitoring\monitoring.types.ts","125"
"WEB","interface","SaveWebhookInput","apps\web\src\features\integrations\integrations.types.ts","137"
"API","interface","SendInvitationEmailInput","apps\api\src\modules\team-operations\services\invitation-mailer.service.ts","3"
"API","class","SkipWorkItemDto","apps\api\src\modules\development\dto\development.dto.ts","115"
"API","class","TrackerEventDto","apps\api\src\modules\analytics-ingestion\dto\collect-events.dto.ts","21"
"WEB","interface","TrackingStatus","apps\web\src\features\tracking\tracking-types.ts","29"
"API","class","TransferOwnershipDto","apps\api\src\modules\workspace\dto\transfer-ownership.dto.ts","4"
"API","class","TransitionDeploymentDto","apps\api\src\modules\releases\dto\release-deployment.dto.ts","112"
"API","class","UpdateApplicationDto","apps\api\src\modules\applications\dto\application.dto.ts","101"
"API","class","UpdateApplicationLinkDto","apps\api\src\modules\applications\dto\application-link.dto.ts","35"
"WEB","type","UpdateApplicationLinkPayload","apps\web\src\features\applications\application-types.ts","124"
"WEB","type","UpdateApplicationPayload","apps\web\src\features\applications\application-types.ts","96"
"API","class","UpdateApplicationTechnologyDto","apps\api\src\modules\applications\dto\application-technology.dto.ts","28"
"API","class","UpdateBlockerDto","apps\api\src\modules\development\dto\development.dto.ts","185"
"API","class","UpdateHealthCheckDto","apps\api\src\modules\monitoring\dto\health-check.dto.ts","102"
"API","class","UpdateMilestoneDto","apps\api\src\modules\development\dto\development.dto.ts","62"
"API","class","UpdateReleaseDto","apps\api\src\modules\releases\dto\release-deployment.dto.ts","60"
"API","class","UpdateTaskDto","apps\api\src\modules\development\dto\development.dto.ts","107"
"WEB","type","UpdateTechnologyPayload","apps\web\src\features\applications\application-types.ts","116"
"API","interface","UpdateUserProfileInput","apps\api\src\modules\users\users.service.ts","27"
"API","class","UpdateWebhookEndpointDto","apps\api\src\modules\webhooks\dto\webhook.dto.ts","66"
"API","class","UpdateWebsiteDto","apps\api\src\modules\websites\dto\website.dto.ts","73"
"WEB","interface","UpdateWebsitePayload","apps\web\src\features\websites\website-types.ts","54"
"API","class","UpdateWorkspaceDto","apps\api\src\modules\workspace\dto\update-workspace.dto.ts","4"
"API","interface","UpdateWorkspaceInput","apps\api\src\modules\workspace\service\workspaces.service.ts","30"
"API","class","UpdateWorkspaceMemberRoleDto","apps\api\src\modules\workspace\dto\update-workspace-member-role.dto.ts","5"
"WEB","interface","UseAnalyticsOverviewInput","apps\web\src\features\analytics-overview\use-analytics-overview.ts","8"
"API","class","WebhookDeliveryListQueryDto","apps\api\src\modules\webhooks\dto\webhook.dto.ts","68"
"WEB","type","WebhookDeliveryStatus","apps\web\src\features\integrations\integrations.types.ts","11"
"API","interface","WebhookHttpResult","apps\api\src\modules\webhooks\services\webhook-outbound-client.service.ts","14"
"WEB","interface","WebhookListResponse","apps\web\src\features\integrations\integrations.types.ts","69"
"WEB","interface","WebsiteListQuery","apps\web\src\features\websites\website-types.ts","62"
"API","class","WebsiteListQueryDto","apps\api\src\modules\websites\dto\website.dto.ts","81"
"WEB","interface","WebsiteListResponse","apps\web\src\features\websites\website-types.ts","35"
"WEB","interface","WebsitePagination","apps\web\src\features\websites\website-types.ts","26"
"WEB","interface","WebsiteWithKeyResponse","apps\web\src\features\websites\website-types.ts","40"
"API","interface","WorkspaceRequest","apps\api\src\modules\workspace\interfaces\workspace-request.interface.ts","4"
